{
    "loss": [
        1718.981201171875,
        138.26251220703125,
        76.44110107421875,
        68.05496215820312,
        61.2426643371582,
        53.61741256713867,
        48.07137680053711,
        48.87769317626953,
        44.688289642333984,
        42.299346923828125,
        39.65964126586914,
        35.23197937011719,
        36.26741409301758,
        35.73447036743164,
        32.40546798706055,
        32.946231842041016,
        33.40288162231445,
        34.80247497558594,
        33.22175598144531,
        31.498762130737305,
        30.2708797454834,
        28.867773056030273,
        31.174968719482422,
        30.623544692993164,
        29.542673110961914,
        27.848920822143555,
        28.828279495239258,
        29.40081787109375,
        29.121551513671875,
        29.96223258972168
    ],
    "output_1_loss": [
        1718.0609130859375,
        137.27723693847656,
        75.43528747558594,
        67.04805755615234,
        60.23811340332031,
        52.6137580871582,
        47.0664176940918,
        47.87057113647461,
        43.6782341003418,
        41.286434173583984,
        38.64484786987305,
        34.21607971191406,
        35.250606536865234,
        34.716304779052734,
        31.38616180419922,
        31.926408767700195,
        32.38273239135742,
        33.78160095214844,
        32.200374603271484,
        30.477643966674805,
        29.24985694885254,
        27.847261428833008,
        30.154979705810547,
        29.60390853881836,
        28.523408889770508,
        26.82996940612793,
        27.809547424316406,
        28.38224220275879,
        28.10304832458496,
        28.943750381469727
    ],
    "output_2_loss": [
        0.0010753493988886476,
        -0.00018373882630839944,
        -0.0002184368931921199,
        -0.00021903638844378293,
        -0.00021470218780450523,
        -0.0002040379768004641,
        -0.00018763761909212917,
        -0.00018721095693763345,
        -0.00016395574493799359,
        -0.00019459816394373775,
        -0.00016723085718695074,
        -0.00019591419550124556,
        -0.00017198575369548053,
        -0.0001910234714159742,
        -0.00018677771731745452,
        -0.00017418578499928117,
        -0.00019039417384192348,
        -0.0001885890815174207,
        -0.00017816110630519688,
        -0.0001878258481156081,
        -0.00018638308392837644,
        -0.00019599228107836097,
        -0.0001958652283065021,
        -0.00019519579655025154,
        -0.00019465935474727303,
        -0.00019474969303701073,
        -0.00019423082994762808,
        -0.00019628780137281865,
        -0.00019876421720255166,
        -0.00019827767391689122
    ],
    "val_loss": [
        200.42893981933594,
        54.24591064453125,
        83.10701751708984,
        151.89747619628906,
        103.3587875366211,
        40.52850341796875,
        30.475427627563477,
        35.39934158325195,
        26.878238677978516,
        27.38362693786621,
        23.9681396484375,
        22.094959259033203,
        19.930940628051758,
        21.4702205657959,
        18.7503719329834,
        17.482097625732422,
        18.29041290283203,
        18.658344268798828,
        16.828575134277344,
        16.536422729492188,
        17.014209747314453,
        15.59637451171875,
        16.520544052124023,
        15.770074844360352,
        15.613275527954102,
        15.763638496398926,
        15.424702644348145,
        15.980354309082031,
        15.47416877746582,
        15.496541023254395
    ],
    "val_output_1_loss": [
        199.4664764404297,
        53.2442741394043,
        82.09940338134766,
        150.89175415039062,
        102.35520935058594,
        39.52234649658203,
        29.465625762939453,
        34.38600540161133,
        25.860919952392578,
        26.363994598388672,
        22.946353912353516,
        21.073963165283203,
        18.907026290893555,
        20.446918487548828,
        17.727025985717773,
        16.45827865600586,
        17.2667293548584,
        17.63443374633789,
        15.805625915527344,
        15.513720512390137,
        15.991604804992676,
        14.575007438659668,
        15.499653816223145,
        14.749740600585938,
        14.59345817565918,
        14.744163513183594,
        14.405584335327148,
        14.961430549621582,
        14.455358505249023,
        14.47778034210205
    ],
    "val_output_2_loss": [
        -0.0002235173888038844,
        -0.00021804345306009054,
        -0.0002233922277810052,
        -0.0002225428615929559,
        -0.0001406624651281163,
        0.0018080261070281267,
        0.0037268507294356823,
        0.00448638154193759,
        0.005607543978840113,
        0.005454164929687977,
        0.006178920157253742,
        0.0045789750292897224,
        0.00613713962957263,
        0.004257999360561371,
        0.003511918243020773,
        0.0036171693354845047,
        0.0030508548952639103,
        0.002399116288870573,
        0.0014604583848267794,
        0.0014289425453171134,
        0.0015925562474876642,
        0.0010257572866976261,
        0.0008956232341006398,
        0.000683197402395308,
        0.0005521819111891091,
        0.00044487713603302836,
        0.0002924703003372997,
        0.00020292028784751892,
        0.00012495741248130798,
        8.325204544235021e-05
    ]
}